아이폰 15 프로 256GB [ 자급제 ],"1,564,000원",https://cr.shopping.naver.com/adcr.nhn?x=PAvAVAqBis%2FDv14rJBue7P%2F%2F%2Fw%3D%3DsuxSx0U1vHZtgPTFB8qY%2F6CPKnvyP3b%2FnikbLWVL153ATxFccNvW9DGninDJdIXMkT4JZwLcr88OQd%2FgeYo8WgzUCFMK8EPYybNgEBAtTlV14JqhkXOIz3BM%2Fm96bNzj5zAb5f%2BR7w5qwQA8wMmQzZt9%2BKy%2Fm0d%2BgYWHtEf61Jo5CNclKwvLyA%2Fys%2F%2FHPPajLfjx6NhfiRK4CjujZvGvZXGNmcbgLr0lu2cCLGgyX7c9vsepmwRk8o%2FCB4DgHhnjVB5D7pZ4ybz%2B7ysBvTGwi5BzzON9aTM%2Fdo2I2z9yt2AkHs%2F2PHkpmvWjL2qy1nHublUj9zcj0mmesppp71fvUbyU3ac9D%2B5mHFJ5xPHlmSev1QQzCLreNp8sjPDBjStixuVS0ft4Q%2BDEmwWBUVrRxTczvDT7Ea2ZeVEbWfFPVQb1FiBdPxTSuvYOb67FAYBAGmZaMTDGc3QpXP6VEWkVQtl3S%2FUm73gHMBsho3FiVwD%2FQBRW9JKyK1Sn9MNSOkOl8YOL7BrkyjMDeepKIT1cJvUVvk%2FbH8VkiP34BDsVCcqe67qFZNDARYcZkRQNTwYwpVtSJNIpLDB1DPvwX3jnaMoAKmMnjHuKiyy8hQJWHtRZWhZ3SMHTcLlpircdRzUgq1JIslBmdxaTx7xO1%2BPPoWw%3D%3D&nvMid=42617437619&catId=50001519
아이폰 15 128GB [ 자급제 ],"1,181,250원",https://cr.shopping.naver.com/adcr.nhn?x=JrxekFflT68Fk6wiW%2BHZuP%2F%2F%2Fw%3D%3Ds0942xmu5EptyFV5KR83e%2FZ20NDXcdEfkSuz38AorWESCKGgUbZcPwfOGUacqnAzpAsm4666gHGWZ5iK2%2Fqg3UcusrRQ6D%2F4HuBfLgjc%2FyEyPdDdsN8IOUWhqgKWxEXWOs%2Bd3X9QXsxSOMMPWT48Xv4ZnlrSZr8PDPdBCvs8uWtdeJxHcKH4rYUhc5SxvGs%2FQpuo39hL1jyWTawqzzpydGyJO7jbxAC%2FhHJnJbE9pD225SET%2FmTh%2Bwr3iKnDGr9FRGrCkc0mH4VMMV3eBb5ZGdHgqL1Koz%2FI3zGAR%2BtDewrcQhkkHXK4%2FmSRy5icYE%2F27BW36r4QZshREfg%2B3vq7RNkpnHdz1KEoMsyQae%2BkzVc7UQvs8GHq%2Bj7OvUNvyviyxjukdIFcnFcbJCGCkESitiTWBAMry3r9r9zXvf5PQ8GYEdLuJh13gFOuABI1CabywR9%2FbdhLCbIv3O0MRtIXzR%2BHgP4SbiUwjrami5EMoHDOKb0seGjrQ3N0oa9zOyy4o6mamKXLbU17x7qa7S7atVLYYNL503ai8Jvg1VDOfl%2F5RN64mBm9G8QruBkLDcHT6clE5rfZtJfgUZ%2FeL65Mr%2Fbg7niaK0JV0tzKemStU91fNjqh%2FZemCCOboDhnweAmG&nvMid=42616882618&catId=50001519
아이폰 15 프로 128GB [ 자급제 ],"1,426,000원",https://cr.shopping.naver.com/adcr.nhn?x=Q7hoO7hHW2wlr3CBbbTGtv%2F%2F%2Fw%3D%3DsllSWk4WyROlDXZd%2Fa5Zt%2BSviuOIYdD7UUV%2BLDgqMBiPO%2FDWlTF6nNgNIx5PjVlWawmh%2BdyMBcKU%2BCyASVUyQkTl9l3XhazfbYYQMpaOsKriRDK9TqgQ5sJGxh1rh2ruoCD8k0N%2FQKStRtR5ub90NKcv%2BjB2erv%2BZ%2Brrs5VHOiTQgGE7%2BZatKjf5hEf1XctkKmpyflyWELnIeeRT1ANoeDZbkCnZt3PKDnGtnPfTpWXUcKlvnI%2BcrXh44xDZyoRd2%2B324cVb1L6DATfYrClK%2FEfziKuqi6lvlwe2gIVAf2UAlXTdy6Sn%2F2yromYu89VyUM%2FBriO%2BCU0zoNHNTSNBaAOImc2cBp3U6BQZWUvR0B0Xqdi3Q%2Fm8V2A5jR123nAwZDnttP%2FG311Mclwu8o4oPHCyZMl8vS61lnM6pJWGVUCNDk2nHMP4aHVCx%2FcONoE3uFXrcAP1z9jzUI2D9fR9Xz8RKOUv%2FWpeaBlhV%2BTlOxSpWiQgpsbhTYjgjyRkkgMGd%2FyAGtTMB66S1hMKvI5XOYbD05AN5HVJaRGgxeS04CvRP4PMPHCnudPTZjGRUD3iU27A%2Fy9Wcz7EU72Pz6EEGPWNK6Tdr7qxQ0pduegQWQ0LHICEQpPL7Rm%2B2fyhjEhHR&nvMid=42616990623&catId=50001519
아이폰 15 256GB [ 자급제 ],"1,322,900원",https://cr.shopping.naver.com/adcr.nhn?x=3gb%2F7JP9xZOeQ96JwR7UQP%2F%2F%2Fw%3D%3DsbfJOkZfVOosTQk%2BFOVppflUyP1iUps4D3ogiBQ3cP62CKGgUbZcPwfOGUacqnAzpLqW4UCfWsumJfz%2BfvHwjnTF7HqoF%2FGG0soy5d9cSuYCPdDdsN8IOUWhqgKWxEXWOs%2Bd3X9QXsxSOMMPWT48Xv4ZnlrSZr8PDPdBCvs8uWtdeJxHcKH4rYUhc5SxvGs%2FQH20N0oA3iEP3lO5E6tEoryJO7jbxAC%2FhHJnJbE9pD225SET%2FmTh%2Bwr3iKnDGr9FRGrCkc0mH4VMMV3eBb5ZGdHgqL1Koz%2FI3zGAR%2BtDewrcQhkkHXK4%2FmSRy5icYE%2F27BW36r4QZshREfg%2B3vq7RNnMK%2FrFXD41%2FbYW0XF6o7lrUQvs8GHq%2Bj7OvUNvyviyxjukdIFcnFcbJCGCkESitiXMciwlYukMm5%2BUEh3ymgXMEdLuJh13gFOuABI1CabywR9%2FbdhLCbIv3O0MRtIXzR7BQrRpPBqmR8A1Zpjxabo6Kb0seGjrQ3N0oa9zOyy4o6mamKXLbU17x7qa7S7atVJ1qv8%2FWBerjukAMmWow3FVRN64mBm9G8QruBkLDcHT64nsDwEYKXwYpA24uUoxbNsm742OUXtKO9qihejDRJ6PNjqh%2FZemCCOboDhnweAmG&nvMid=42616882619&catId=50001519
아이폰 15 프로 맥스 256GB [ 자급제 ],"1,736,000원",https://cr.shopping.naver.com/adcr.nhn?x=iOAMr8SNkNJDnaNagSkLZf%2F%2F%2Fw%3D%3DswdMQj%2BjS0kzdkGoRtK%2FzuIZ2WmFncO%2F7qQMdBQRUJt8TxFccNvW9DGninDJdIXMkceVra3Ljc51T4USJdqvnLzUCFMK8EPYybNgEBAtTlV14JqhkXOIz3BM%2Fm96bNzj5zAb5f%2BR7w5qwQA8wMmQzZt9%2BKy%2Fm0d%2BgYWHtEf61Jo5CNclKwvLyA%2Fys%2F%2FHPPajLWjhOKmOHbiYA%2FsWjaKUcyWNmcbgLr0lu2cCLGgyX7c9vsepmwRk8o%2FCB4DgHhnjVB5D7pZ4ybz%2B7ysBvTGwi5BzzON9aTM%2Fdo2I2z9yt2AkHs%2F2PHkpmvWjL2qy1nHubE%2BrFT%2B95u7EwxBbMz1xi43X6TJY9kTwKdoS52T%2BRMQX1QQzCLreNp8sjPDBjStixmIoHAv3d7hK3KlxDZyKsAHQRxYytIkYYyg4tJC6CeJxFiBdPxTSuvYOb67FAYBAGmZaMTDGc3QpXP6VEWkVQttv7Ffkwy78LPGKRuNB%2BDa9GAu9rgWkdGdmOF0fHtq%2Bu8jR8gVF8FlQ9pItE8Zzc8t2q%2BNtbuQ%2B8N673ox%2FmZy%2FGonZYKxsNfWphpqSfGQEbYnHIcETcJifOE8sb44IMxXekx6dqH6C6AeyG%2FRJlokJ%2FgpTJGKPujrUbKvXydgyygqgOvq6z5EpEI5N2xav1Mg%3D%3D&nvMid=42616374622&catId=50001519
아이폰 15 프로 512GB [ 자급제 ],"1,820,000원",https://cr.shopping.naver.com/adcr.nhn?x=%2BO6t8FcyUVLIH3Ev8xcYVv%2F%2F%2Fw%3D%3DsN7Q6oqxbFUd6CXtF7%2BJg1atDxHPg8EoSOWORvgPmpWbO%2FDWlTF6nNgNIx5PjVlWah7FrwLtqoCeAbNDaLot%2Ffzl9l3XhazfbYYQMpaOsKriRDK9TqgQ5sJGxh1rh2ruoCD8k0N%2FQKStRtR5ub90NKcv%2BjB2erv%2BZ%2Brrs5VHOiTQgGE7%2BZatKjf5hEf1XctkKqJBRMLFp89U8riYzh4yYQ5bkCnZt3PKDnGtnPfTpWXUcKlvnI%2BcrXh44xDZyoRd2%2B324cVb1L6DATfYrClK%2FEfziKuqi6lvlwe2gIVAf2UAlXTdy6Sn%2F2yromYu89VyUM061K%2BbrLNJiuPYC3ovEbJ8xAStgNp6XxAIoZ3sQV33qdi3Q%2Fm8V2A5jR123nAwZfpaA52gs%2BtXg4TZAyQVUF9%2FxAgg4ef62WIJT1K%2BzOB5Dk2nHMP4aHVCx%2FcONoE3uFXrcAP1z9jzUI2D9fR9XzxkvRHD8v0kzWgt9xrRWAndWiQgpsbhTYjgjyRkkgMGd%2FyAGtTMB66S1hMKvI5XOYSwf0dw5KczmaAkM%2Bor1vbZP4PMPHCnudPTZjGRUD3iUVbX%2BbO9eE5nQRgY3VKHCdil3w8RRdY%2F%2BgVjniObzCj%2FHICEQpPL7Rm%2B2fyhjEhHR&nvMid=42617440618&catId=50001519
아이폰 15 프로 맥스 512GB [ 자급제 ],"2,024,000원",https://cr.shopping.naver.com/adcr.nhn?x=t68TMxR%2FVDX9CYqYOMLr4%2F%2F%2F%2Fw%3D%3DsKcSfi1ItVSUhiM0zd0mHtI92VH0QTYQTeYM6J0udeOcTxFccNvW9DGninDJdIXMkLBwUEcGfZddDhUccBhPD%2FDUCFMK8EPYybNgEBAtTlV14JqhkXOIz3BM%2Fm96bNzj5zAb5f%2BR7w5qwQA8wMmQzZt9%2BKy%2Fm0d%2BgYWHtEf61Jo5CNclKwvLyA%2Fys%2F%2FHPPajLGWvsc0OnQWaNdMS%2BQGVQvmNmcbgLr0lu2cCLGgyX7c9vsepmwRk8o%2FCB4DgHhnjVB5D7pZ4ybz%2B7ysBvTGwi5BzzON9aTM%2Fdo2I2z9yt2AkHs%2F2PHkpmvWjL2qy1nHubJxRtxXKxgmHSGzrjA96Y6Y%2B7BZ2IzRKU%2Fs74EZXw9t%2F1QQzCLreNp8sjPDBjStixuVS0ft4Q%2BDEmwWBUVrRxTRRY90hXy6Q5EhdiAAJlKRZFiBdPxTSuvYOb67FAYBAGmZaMTDGc3QpXP6VEWkVQtrbuzmWacN92LOvitfD%2BwvVGAu9rgWkdGdmOF0fHtq%2Bu8jR8gVF8FlQ9pItE8Zzc8u4b4aHn6JXovi0CHqAu5o%2BezjSpB6pIYF7ClQqfc7C%2FYnHIcETcJifOE8sb44IMxSTSGI1oD8tSl%2F2ieW2UZfRbRvLLKKIuxfh705P8PBEqgqgOvq6z5EpEI5N2xav1Mg%3D%3D&nvMid=42617635618&catId=50001519
아이폰 15 플러스 128GB [ 자급제 ],"1,275,750원",https://cr.shopping.naver.com/adcr.nhn?x=Lb4dhh9t6KYp5bnT6%2B%2FUGf%2F%2F%2Fw%3D%3DsHq%2B%2BOfb0p8p1ObDgUGj2HsfabUldR6jiCpJo5mT%2BpacTxFccNvW9DGninDJdIXMktBTcijg3PDaJsbt3FZQb6TUCFMK8EPYybNgEBAtTlV14JqhkXOIz3BM%2Fm96bNzj5zAb5f%2BR7w5qwQA8wMmQzZt9%2BKy%2Fm0d%2BgYWHtEf61Jo5CNclKwvLyA%2Fys%2F%2FHPPajLSBxwlrZlBztJzf5NuDfePWNmcbgLr0lu2cCLGgyX7c9vsepmwRk8o%2FCB4DgHhnjVB5D7pZ4ybz%2B7ysBvTGwi5BzzON9aTM%2Fdo2I2z9yt2AkHs%2F2PHkpmvWjL2qy1nHubMOfa0RF3BLgLND%2F6acNz%2FfSdFhqs16Cxc5iR3cPZr8P1QQzCLreNp8sjPDBjStixuVS0ft4Q%2BDEmwWBUVrRxTavvUR%2FVCas7L9Cu17RQti5FiBdPxTSuvYOb67FAYBAGmZaMTDGc3QpXP6VEWkVQtllcRLZ6Lkc%2F26GegWRYEB5bgzfdESFI5PRu%2B7jsMba1X8a%2FHvPOPEuDd1Ce%2FzZYNToq2ld72XzIaSXLhfrdF4qY6yYS36A28w192B5r%2Buhh%2BgtF15PMkmjkNDmi88yMRTpx47NgChnFN%2FeUkG5R461jtEEnHZo%2B%2FVuCJHvsmHjrDVCYCaeglF2rgr1u2OQIzQ%3D%3D&nvMid=42617272618&catId=50001519
아이폰 15 512GB [ 자급제 ],"1,606,500원",https://cr.shopping.naver.com/adcr.nhn?x=tYF2XQHNPWM71%2FPdHVlNWv%2F%2F%2Fw%3D%3DsNs8H4ireeGMNfSSrNrHj14bt8xXdyblAOZamXEbfiXcTxFccNvW9DGninDJdIXMkXWHfi3oqgNjZ5P9GariG7jUCFMK8EPYybNgEBAtTlV14JqhkXOIz3BM%2Fm96bNzj5zAb5f%2BR7w5qwQA8wMmQzZt9%2BKy%2Fm0d%2BgYWHtEf61Jo5CNclKwvLyA%2Fys%2F%2FHPPajLWXB%2B5%2FsMkcL7tLSkQcKoZmNmcbgLr0lu2cCLGgyX7c9vsepmwRk8o%2FCB4DgHhnjVB5D7pZ4ybz%2B7ysBvTGwi5BzzON9aTM%2Fdo2I2z9yt2AkHs%2F2PHkpmvWjL2qy1nHubxrrgh217kTFciQu%2B9JW2%2FCceLi6tQlvPj1YX%2FQJpQhz1QQzCLreNp8sjPDBjStixmIoHAv3d7hK3KlxDZyKsAG56vpzmYZy9aPmpv2dW4exFiBdPxTSuvYOb67FAYBAGrU21JfbyBQ8bce6dvv%2BSl%2BvDtkUbePxqTPwJVMJco3uE4FQdvRmo7oxOSvwywmchFY%2Bk3HU9cIPDBfXmyzf5lfvIxlpihisxNxD%2BwaSdps0NauEcRynSn%2F8orOK7nc900UkAwnobiSUBEZhMv0u22SihSbw4W%2FBOlRuCMRXFn86FbDf4gHI5rSMJU1BWcIOg&nvMid=42616588623&catId=50001519
아이폰 15 플러스 256GB [ 자급제 ],"1,417,500원",https://cr.shopping.naver.com/adcr.nhn?x=oFr6BUjRvlRDwWNiQ38HwP%2F%2F%2Fw%3D%3Ds%2FxMEBjHeuDlqru4NoeJzR47USfYY4Gxi731Pt7rSTNGCKGgUbZcPwfOGUacqnAzp5FKGT1uQXCl%2BrLYL0ysSbNwWecrks2HtwtdTts%2FUb7yPdDdsN8IOUWhqgKWxEXWOs%2Bd3X9QXsxSOMMPWT48Xv4ZnlrSZr8PDPdBCvs8uWtdeJxHcKH4rYUhc5SxvGs%2FQI2A6yGK2CUNUSXktgOlFMSJO7jbxAC%2FhHJnJbE9pD225SET%2FmTh%2Bwr3iKnDGr9FRGrCkc0mH4VMMV3eBb5ZGdHgqL1Koz%2FI3zGAR%2BtDewrcQhkkHXK4%2FmSRy5icYE%2F27BW36r4QZshREfg%2B3vq7RNtsM7xjz%2BqVarMIy0zZchJ%2FUQvs8GHq%2Bj7OvUNvyviyxjukdIFcnFcbJCGCkESitib%2FACrw1E4YAuMBcdjLNT68EdLuJh13gFOuABI1CabywR9%2FbdhLCbIv3O0MRtIXzR6%2BT%2F3EwDc3L6tk7D8%2B9kx9GYWqvAvfcx5FuqFLRdSh1uwP9L0j7YvHB2OKNn2rLcEVvnf5nWfz8pepAd%2F4A48S7ESWhJaz2Dyzz7gSOVNfHEaThcwm2jOjlPe7qD4n46%2FKUkTmBlR9pAjW8ZVsttTYs9uCYLSbE4IIGbim93LzzgqgOvq6z5EpEI5N2xav1Mg%3D%3D&nvMid=42617321618&catId=50001519
아이폰 15 프로 맥스 1TB [ 자급제 ],"2,300,000원",https://cr.shopping.naver.com/adcr.nhn?x=k5h4x%2FyGwAxdLwNI3gPCMP%2F%2F%2Fw%3D%3DsuePTajly7BzDa2rzRWZC8cTP%2Bro432YzAFT3Nuqw3gTO%2FDWlTF6nNgNIx5PjVlWaEfnFOzOEBvipOdZceAfbyDl9l3XhazfbYYQMpaOsKriRDK9TqgQ5sJGxh1rh2ruoCD8k0N%2FQKStRtR5ub90NKcv%2BjB2erv%2BZ%2Brrs5VHOiTQgGE7%2BZatKjf5hEf1XctkKqF8KDsg%2FhhOkphtDJt3TvZbkCnZt3PKDnGtnPfTpWXUcKlvnI%2BcrXh44xDZyoRd2%2B324cVb1L6DATfYrClK%2FEfziKuqi6lvlwe2gIVAf2UAlXTdy6Sn%2F2yromYu89VyUyPV1lsytaPm4W0p0zTc74lUWHj%2Bf1lbdiGH85kIYjm3qdi3Q%2Fm8V2A5jR123nAwZ%2BncCUYbQ4PZKleX2qAwNj%2B7Ps88QvLGtE%2FDBhKM1akVDk2nHMP4aHVCx%2FcONoE3uFXrcAP1z9jzUI2D9fR9Xz5hmHhQ1csaUbRmrtNW9Jl4Iqm5nXfKKXDzWvxin%2BSuPsTXhzeKkynwlV5iG42bUwwXs2OCRR9V1MsGgrtmtgA7WG7pAI9OhDzEc8BXUOEwgv4YGjJCSIW1IvBxXT1wG94qCW%2BMGDePInmUsQ%2BxuUgVjtEEnHZo%2B%2FVuCJHvsmHjrDVCYCaeglF2rgr1u2OQIzQ%3D%3D&nvMid=42617321619&catId=50001519
아이폰 15 프로 맥스 256GB [ SKT ],"777,000원",https://cr.shopping.naver.com/adcr.nhn?x=C%2FrvksrcJCpAZ81RLusV8f%2F%2F%2Fw%3D%3Ds48F850vrfY6hSBEDoJsxeaRMNxLrMUlIfUlHL6qAfKYTxFccNvW9DGninDJdIXMkgmjFsjmDVjA5OJRRSvPquzUCFMK8EPYybNgEBAtTlV14JqhkXOIz3BM%2Fm96bNzj5zAb5f%2BR7w5qwQA8wMmQzZt9%2BKy%2Fm0d%2BgYWHtEf61Jo5CNclKwvLyA%2Fys%2F%2FHPPajLEeILA%2Bc%2F3ijyl0Iv%2FYdr82NmcbgLr0lu2cCLGgyX7c9vsepmwRk8o%2FCB4DgHhnjVB5D7pZ4ybz%2B7ysBvTGwi5BzzON9aTM%2Fdo2I2z9yt2AkHs%2F2PHkpmvWjL2qy1nHubYAOuO%2FDsliWT8n4Xxx7opO3UWabw9mhL3XB8YiSdtsv1QQzCLreNp8sjPDBjStixeP8Qtp8o3TZhgsqm4tgPWe0eZ9VxF2mZWKpEAQT%2BjeVFiBdPxTSuvYOb67FAYBAGmZaMTDGc3QpXP6VEWkVQttv7Ffkwy78LPGKRuNB%2BDa9yW5FaJaNxdlIH2gXjedO7E7m7BPWBsWRSZJObt4gv%2FAy1dusBhgo9A0ppSZoZSDq67qFZNDARYcZkRQNTwYwp14pTEpxhJPPzspURjBnEFvTP3b%2FnYy2Ztv9609qTXqoDfkLIyuldBS3f8m8e6nLmzUhNzs2VE%2B%2Bisqs3JAEppg%3D%3D&nvMid=42617984618&catId=50000246
아이폰 15 256GB [ SKT ],"102,710원",https://cr.shopping.naver.com/adcr.nhn?x=Sl1hWQquST%2B1pwTmTpXlsf%2F%2F%2Fw%3D%3DsBxWuHIgXK8Sm2b4M%2BnaP8BAqUTJ4piG7s3hShTNgjTETxFccNvW9DGninDJdIXMkChpTcSkOw%2F%2BPeqoLjhgf1TUCFMK8EPYybNgEBAtTlV14JqhkXOIz3BM%2Fm96bNzj5zAb5f%2BR7w5qwQA8wMmQzZt9%2BKy%2Fm0d%2BgYWHtEf61Jo5CNclKwvLyA%2Fys%2F%2FHPPajLHczHxgWcjsszqWitYhHtD2NmcbgLr0lu2cCLGgyX7c9vsepmwRk8o%2FCB4DgHhnjVB5D7pZ4ybz%2B7ysBvTGwi5BzzON9aTM%2Fdo2I2z9yt2AkHs%2F2PHkpmvWjL2qy1nHub4TVtFtklwCA56OTf%2BS4a0L7qna0fwGfDXs7DYxWW%2BKb1QQzCLreNp8sjPDBjStixeP8Qtp8o3TZhgsqm4tgPWSAwLFqRoTGKHJVhj1W6nWpFiBdPxTSuvYOb67FAYBAGWYs9GbJtlerazVWst%2FrvFxKCCvWTakOnXZuFiVVONTpBskTaofqwA6IQD8JZOZb7ibs1%2B3tl1CIpGpjFu2mUhjrOWzBwZD2tQGLPLFKSLvO%2FhgaMkJIhbUi8HFdPXAb3IdHqtU8Yg9B9b52ktkGuf2O0QScdmj79W4Ike%2ByYeOsNUJgJp6CUXauCvW7Y5AjN&nvMid=42617320619&catId=50000246
아이폰 15 프로 1TB [ 자급제 ],"2,116,000원",https://cr.shopping.naver.com/adcr.nhn?x=A9AFr5tEbLojhdSJqv7SJP%2F%2F%2Fw%3D%3DsdYhKokxPe2Xa1F1XlSg3uasKZwHIB7pw9NAxrPCrYiUTxFccNvW9DGninDJdIXMkmNPTSVRbhOsfgWRGouQhRjUCFMK8EPYybNgEBAtTlV14JqhkXOIz3BM%2Fm96bNzj5zAb5f%2BR7w5qwQA8wMmQzZt9%2BKy%2Fm0d%2BgYWHtEf61Jo5CNclKwvLyA%2Fys%2F%2FHPPajLPai9P8190NHLfWrnUWriXGNmcbgLr0lu2cCLGgyX7c9vsepmwRk8o%2FCB4DgHhnjVB5D7pZ4ybz%2B7ysBvTGwi5BzzON9aTM%2Fdo2I2z9yt2AkHs%2F2PHkpmvWjL2qy1nHubyZ%2F3W9aGou%2F82gu1CpK7bUOa9%2BPN3K0ndMi0a0ODI6n1QQzCLreNp8sjPDBjStixmIoHAv3d7hK3KlxDZyKsAIyPSIwgVGmSrAfzGyM6tApFiBdPxTSuvYOb67FAYBAGmZaMTDGc3QpXP6VEWkVQtie%2Fevbj44Od0titDnrcMMjk2BLcbO8TS1q%2FIby4aOgc4tMil368FtKyKctjdNHRyaZ2wWL%2BmqSev%2FsVGB20RG3C0hiHfmfzmAI0X1cC502KqaNGIg5VfeLo6uSAHBxLJNAgujk9jGf0rMIKtdRMQZlXc50eBITwugSNPH3Ok09sVpGw61BSdoQRvEGgfFlc5w%3D%3D&nvMid=42616990624&catId=50001519
Apple 아이폰 15 프로 256GB [ KT ],"533,900원",https://cr.shopping.naver.com/adcr.nhn?x=6ZKwTbdwsML0T%2B%2BgztGiK%2F%2F%2F%2Fw%3D%3DsW6tDlz%2FJSKEEa5s0waTIpKZ89LLNKJsl6qNzpM%2F6sjKCKGgUbZcPwfOGUacqnAzp6t3zyIsEmZtZn%2B4Wp40I3xspkXR67xJ3SeVuVsc2jz2PdDdsN8IOUWhqgKWxEXWOs%2Bd3X9QXsxSOMMPWT48Xv4ZnlrSZr8PDPdBCvs8uWtdeJxHcKH4rYUhc5SxvGs%2FQNd2Dgx2elEW1mCm6eNQ%2FhCJO7jbxAC%2FhHJnJbE9pD225SET%2FmTh%2Bwr3iKnDGr9FRGrCkc0mH4VMMV3eBb5ZGdHgqL1Koz%2FI3zGAR%2BtDewrcQhkkHXK4%2FmSRy5icYE%2F27BW36r4QZshREfg%2B3vq7RNuNQISeCqXjQCfvXYtJQiGXUQvs8GHq%2Bj7OvUNvyviyxlh2T%2BLnQiXePCSwig2%2BaJOijK0ASzF5ZUNuOsrW%2BvZEEdLuJh13gFOuABI1CabywR9%2FbdhLCbIv3O0MRtIXzRza7Udns2eiSXnC5bPfqx7ur8VHgZn6L0LtcBsg3Df7ZGkRg06pE5HxjGb0flJW8dBr4LCjZNKwVCDfm5KOAIfEBhNg6pO%2F%2Bw6bSRwW%2FduOklumYIpDoSXXVWxiLzLUEpd%2FQmhGFYhIb%2FUWwi6n28kLNjqh%2FZemCCOboDhnweAmG&nvMid=42618912618&catId=50000247
Apple 아이폰 15 256GB [ KT ],"138,800원",https://cr.shopping.naver.com/adcr.nhn?x=ZfS%2BQkIL8yuyza0keMmD%2FP%2F%2F%2Fw%3D%3DsqiN4Ox%2FvaptVAoK60Xw2RUt0NO1rtx%2FvB8XP5oZWx6gTxFccNvW9DGninDJdIXMkA0pT8VKoZwpvuAnKbeSo0TUCFMK8EPYybNgEBAtTlV14JqhkXOIz3BM%2Fm96bNzj5zAb5f%2BR7w5qwQA8wMmQzZt9%2BKy%2Fm0d%2BgYWHtEf61Jo5CNclKwvLyA%2Fys%2F%2FHPPajLcTrXciZZXiwdiy%2BqRUalFWNmcbgLr0lu2cCLGgyX7c9vsepmwRk8o%2FCB4DgHhnjVB5D7pZ4ybz%2B7ysBvTGwi5BzzON9aTM%2Fdo2I2z9yt2AkHs%2F2PHkpmvWjL2qy1nHubY%2BxytNsVZUh6nnhIuIiFan4OpU8YgNa5%2FqnYNWUFaJn1QQzCLreNp8sjPDBjStixN0Uw1yzUFMr6od8kgQE1jB93DQvFXzNHYCbUk5Hu58xFiBdPxTSuvYOb67FAYBAGWYs9GbJtlerazVWst%2FrvF9POsjaU1RfF6zDRZR864VS7Av8XOPy39oBLmBNs%2BV4QjRYefneF%2Bd9WvnA3QEfBlXHGUs9RLng2koH%2FmY56EtF7N0%2BKs0gSFTdhwMrBXaDkfke6fRCivK0fzb9VDsVCdG9TZjqEQTAbFzUBl8432wvhVEAf6wwM5tqtSh0bB5Hx&nvMid=42618750618&catId=50000247
아이폰 15 128GB [ SKT ],"44,960원",https://cr.shopping.naver.com/adcr.nhn?x=k3lg6V2NcFABXfSWZ8jsgv%2F%2F%2Fw%3D%3DsF3AM7mAfKK%2Fdqk4DLcGgy8TdUSA0WZV%2FmTxH9%2Ba0r%2BMTxFccNvW9DGninDJdIXMkPl5R%2BMcy8ZkMRFj%2FOSSjXjUCFMK8EPYybNgEBAtTlV14JqhkXOIz3BM%2Fm96bNzj5zAb5f%2BR7w5qwQA8wMmQzZt9%2BKy%2Fm0d%2BgYWHtEf61Jo5CNclKwvLyA%2Fys%2F%2FHPPajLVQPm829I4i1Kps2BK7yvxGNmcbgLr0lu2cCLGgyX7c9vsepmwRk8o%2FCB4DgHhnjVB5D7pZ4ybz%2B7ysBvTGwi5BzzON9aTM%2Fdo2I2z9yt2AkHs%2F2PHkpmvWjL2qy1nHub4psCh%2BwSgZXg5lvCUV3RMzD7Eo%2FKwLm5TzC0%2Brh988n1QQzCLreNp8sjPDBjStixEfMWf9G7Fd%2Bspr41msflRQNsKWD%2BHTQaE6u0NO8ShlFFiBdPxTSuvYOb67FAYBAGCGalecRVcIa4hxXEynri4agZzK2npVK%2BzFMg43sf%2FuhBskTaofqwA6IQD8JZOZb7Eqh2q%2FDk24A1QzpWfnURGDb4qNLT9rSPOZz9ZnA2IG57N0%2BKs0gSFTdhwMrBXaDkRE%2B7o3JYQoWOetQL1%2B35K29TZjqEQTAbFzUBl8432wvhVEAf6wwM5tqtSh0bB5Hx&nvMid=42616122621&catId=50000246
아이폰 15 플러스 512GB [ 자급제 ],"1,701,000원",https://cr.shopping.naver.com/adcr.nhn?x=V5pQeVN9DxLhYH7SX8dvhP%2F%2F%2Fw%3D%3Ds4gJNeEmL9gs%2B4nGgmcW%2BNDOzRzgFqUjkvudC1RyMW63O%2FDWlTF6nNgNIx5PjVlWas8i8d5ynE%2F%2Fn1x4DxQxc5Tl9l3XhazfbYYQMpaOsKriRDK9TqgQ5sJGxh1rh2ruoCD8k0N%2FQKStRtR5ub90NKcv%2BjB2erv%2BZ%2Brrs5VHOiTQgGE7%2BZatKjf5hEf1XctkK56tOT7U2I7eUn2fFUZ%2BcL5bkCnZt3PKDnGtnPfTpWXUcKlvnI%2BcrXh44xDZyoRd2%2B324cVb1L6DATfYrClK%2FEfziKuqi6lvlwe2gIVAf2UAlXTdy6Sn%2F2yromYu89VyUfID7j3wshMgKUhrYYt2vSe87%2BtxLRBWQneL17vu3M0Xqdi3Q%2Fm8V2A5jR123nAwZZ9e23xUZtT30%2BfAe9FuNHd%2FxAgg4ef62WIJT1K%2BzOB5Dk2nHMP4aHVCx%2FcONoE3umK1Tq7Zq1oJaJ3bJ6kJwiViS%2BErqDi9Eq9B0H%2Bkl0YbQBRW9JKyK1Sn9MNSOkOl8YOL7BrkyjMDeepKIT1cJvUnWC6rhOZ93m4s5jVNfqbO67qFZNDARYcZkRQNTwYwpV3SyEJdxIIOeAuBvqBWdYxrShFEncSGHuCYybLf1uR0DfkLIyuldBS3f8m8e6nLmzUhNzs2VE%2B%2Bisqs3JAEppg%3D%3D&nvMid=42617324618&catId=50001519
아이폰 15 프로 256GB [ SKT ],"765,800원",https://cr.shopping.naver.com/adcr.nhn?x=rJY9zt0xJ5BrbvXmCp3enf%2F%2F%2Fw%3D%3Ds7vUkmTt%2BqVv4EYJr9f9ZxpsW5iC86difkmjQ3bPJW9QTxFccNvW9DGninDJdIXMkQq%2BVy5kPTmi4FMkFygwPGjUCFMK8EPYybNgEBAtTlV14JqhkXOIz3BM%2Fm96bNzj5zAb5f%2BR7w5qwQA8wMmQzZt9%2BKy%2Fm0d%2BgYWHtEf61Jo5CNclKwvLyA%2Fys%2F%2FHPPajLjl6funYPpG0tx%2FUAvzMA6mNmcbgLr0lu2cCLGgyX7c9vsepmwRk8o%2FCB4DgHhnjVB5D7pZ4ybz%2B7ysBvTGwi5BzzON9aTM%2Fdo2I2z9yt2AkHs%2F2PHkpmvWjL2qy1nHubsmkTKROhWxRBoGqu77cWvs8g%2F6CI9tEdufwKcudaGAD1QQzCLreNp8sjPDBjStixEfMWf9G7Fd%2Bspr41msflRdTR0qVuPtySAzw0IUaA5R9FiBdPxTSuvYOb67FAYBAGmZaMTDGc3QpXP6VEWkVQtvYkQMoUQ9erurKEaaUEAPcKcf44FRvfuYGr15d6C%2BE3DQMRH0Qxb3fp%2BsgabSVv0Q2GxdF3Hm7NOZUF3mBKgqENauEcRynSn%2F8orOK7nc90gk0QigMrWgYIN4mwNKoR8wuu1fAFQTYSWVVsVeSvQC7LVWGr8fvvH1mWvUgXPK6j&nvMid=42616990629&catId=50000246
Apple 아이폰 15 프로 맥스 256GB [ KT ],"494,000원",https://cr.shopping.naver.com/adcr.nhn?x=saEqEKjtHnmUF2BJoTwtK%2F%2F%2F%2Fw%3D%3DsrgfWE0OrBbOVA4VJtxy4T3mGxfG0jiVtgUJwqz8LOqWCKGgUbZcPwfOGUacqnAzpUeFGMHiNrCVpVNrSZSchtI8ZfgJwF5%2BV4nHgJaG6VgGPdDdsN8IOUWhqgKWxEXWOs%2Bd3X9QXsxSOMMPWT48Xv4ZnlrSZr8PDPdBCvs8uWtdeJxHcKH4rYUhc5SxvGs%2FQfsXPGYNuIxtNoeideAffwiJO7jbxAC%2FhHJnJbE9pD225SET%2FmTh%2Bwr3iKnDGr9FRGrCkc0mH4VMMV3eBb5ZGdHgqL1Koz%2FI3zGAR%2BtDewrcQhkkHXK4%2FmSRy5icYE%2F27BW36r4QZshREfg%2B3vq7RNoWRg%2FnTp98JueD9TyrXNnbUQvs8GHq%2Bj7OvUNvyviyxlh2T%2BLnQiXePCSwig2%2BaJL4eV0HaAs6qNEW4lhdfeeUEdLuJh13gFOuABI1CabywR9%2FbdhLCbIv3O0MRtIXzR2n2a%2BVfQD8FsYi0Ypk%2BtxHdRvfQ1v6P0xYfdz9VpvxgQbJE2qH6sAOiEA%2FCWTmW%2B2p5WzQuJWONNl79SodZpAKY95jfDUxu%2BL1ipOGF7rLRv4YGjJCSIW1IvBxXT1wG99n00SXCAZqXMo%2Bx8mnE5hNjtEEnHZo%2B%2FVuCJHvsmHjrDVCYCaeglF2rgr1u2OQIzQ%3D%3D&nvMid=42618915618&catId=50000247
아이폰 15 프로 512GB [ SKT ],"515,990원",https://cr.shopping.naver.com/adcr.nhn?x=UNLQhQYtKqJ2KGCFYKhtZ%2F%2F%2F%2Fw%3D%3Ds3agSGX0bwQp3Zbg7KxAlaCSKwjBFsYG5Ilo7U%2FKKHwCCKGgUbZcPwfOGUacqnAzpHJNDbxtPAgEIERq90h8kCsusrRQ6D%2F4HuBfLgjc%2FyEyPdDdsN8IOUWhqgKWxEXWOs%2Bd3X9QXsxSOMMPWT48Xv4ZnlrSZr8PDPdBCvs8uWtdeJxHcKH4rYUhc5SxvGs%2FQ3uRWLvTz1p8Y4stGguefaSJO7jbxAC%2FhHJnJbE9pD225SET%2FmTh%2Bwr3iKnDGr9FRGrCkc0mH4VMMV3eBb5ZGdHgqL1Koz%2FI3zGAR%2BtDewrcQhkkHXK4%2FmSRy5icYE%2F27BW36r4QZshREfg%2B3vq7RNl2gGPMAwol43VeXyjmMAzzUQvs8GHq%2Bj7OvUNvyviyxEDWcT7FHPt33ppNDFvPy0Uw8d893AvEovr5EJe0BjTgEdLuJh13gFOuABI1CabywR9%2FbdhLCbIv3O0MRtIXzR8CluAOf7afb1K0sOHAMxO1ec%2Fmy2370SDybm5lvLB8USqHgEjvQwY7FTluJI5ewxgbTnpxJGt6Mmou6N0Hi8%2FFRN64mBm9G8QruBkLDcHT64h1RtjV%2BmnQ7RsNx%2Bo9Zo6ytI4mrEXEFBQMS7amA14PHICEQpPL7Rm%2B2fyhjEhHR&nvMid=42617901618&catId=50000246
Apple 아이폰 15 128GB [ KT ],"28,320원",https://cr.shopping.naver.com/adcr.nhn?x=%2FncQ8ww%2FvzOB0X7JKc5JD%2F%2F%2F%2Fw%3D%3DsEbWvLgdD7njnqwA%2BVb7QCBE8sT%2Fd%2Bt14kSMPj8T97ZNa%2FNnEPJJHJdtasS5aIN7wBqFQLOjiWfDRkZgb8ZgxLapcw802Bj%2FCeCEdAEGg0Bf4mA7zhcZM9%2F3R7wWChuQl%2Fhpr%2B%2FZL8LaD%2FRGKeP28SrngnxQ7ssMZd09T0OjyjIyRN9OD1MEOBVgqsU3xfZXMPO9gAi6%2BlodvgNdq9ZocGTX9%2BvO8%2BmWiKajsR%2BGu%2FikY9G%2F9m1EC8Lpjz%2BoaVy3oPB%2FOIBSO0aokqUulsWtAScv%2BjB2erv%2BZ%2Brrs5VHOiTRLlIk0uAh1LVcUK1nkYRMYahbNUSCijWGWbQE0y38ZO7NoujdiiNe5Aky91pn4j%2FINHPhONxhrwtzjeUDJxv2SA23AP4nxgxMkfp0nnaYb5LHJM06m8XkkoABSxxLFFemOsyh0bwCm%2FIOHaD6%2FrVAH0dJWbpF%2FBc8zeMn%2F8rcI3YTgVB29GajujE5K%2FDLCZyG7uATb0W0gqb8xLv3kJG47qQMdk4aI9EiwWDFd7DkpxGJxyHBE3CYnzhPLG%2BOCDMUomESwKVeLFbCKMDA0Etfuh2v0rUg1PrVKS6YUPItZWQ4SwcLvxUEucVmH%2BcOht40%3D&nvMid=42617733620&catId=50000247
Apple 아이폰 15 프로 맥스 512GB [ KT ],"831,000원",https://cr.shopping.naver.com/adcr.nhn?x=ZpAXRkphKILyA3tgG4sFHP%2F%2F%2Fw%3D%3DsB7wRC491BneIZ%2BcWrn2spKe%2Bm%2FMACHhrIYwUd7LtoAXO%2FDWlTF6nNgNIx5PjVlWagpJaHh9k%2FqV2OBiTmeu%2F0zl9l3XhazfbYYQMpaOsKriRDK9TqgQ5sJGxh1rh2ruoCD8k0N%2FQKStRtR5ub90NKcv%2BjB2erv%2BZ%2Brrs5VHOiTQgGE7%2BZatKjf5hEf1XctkKP7MBjmNx9lkobOOe%2BsbpXpbkCnZt3PKDnGtnPfTpWXUcKlvnI%2BcrXh44xDZyoRd2%2B324cVb1L6DATfYrClK%2FEfziKuqi6lvlwe2gIVAf2UAlXTdy6Sn%2F2yromYu89VyUMWKQGxUpAgNTlf3JZfbeTb9oFK3axAZTAdX84XpA8EFcNZN5FF46Jqg7fDWNj5CaCOxNWC2ZtY%2FFiGsif8UsCe7Ps88QvLGtE%2FDBhKM1akVDk2nHMP4aHVCx%2FcONoE3uFXrcAP1z9jzUI2D9fR9Xz8yI7UTAGXbjyFUSumeQoOTzjWZT2myfWTf11CyCuadYEDHXXAtmmFwX02Dv46V2p5BPZAderkusYGVZHyhg18pRN64mBm9G8QruBkLDcHT6crgqznHMlepOsBrcyCOp4qB3gASbGWypkSfDN6K%2BibLHICEQpPL7Rm%2B2fyhjEhHR&nvMid=42617905619&catId=50000247
아이폰 15 플러스 256GB [ SKT ],"200,200원",https://cr.shopping.naver.com/adcr.nhn?x=7PoOcOzeIjImURQMytfRbf%2F%2F%2Fw%3D%3DsGNbjEhwMwjG0nJXkOJFSrpIQKbOEFAXRdI4teskVroaCKGgUbZcPwfOGUacqnAzpQ6FAt5PvdNg8XWx0rPLqjdwWecrks2HtwtdTts%2FUb7yPdDdsN8IOUWhqgKWxEXWOs%2Bd3X9QXsxSOMMPWT48Xv4ZnlrSZr8PDPdBCvs8uWtdeJxHcKH4rYUhc5SxvGs%2FQavS9s2kMzNoeoyCOuxXEUCJO7jbxAC%2FhHJnJbE9pD225SET%2FmTh%2Bwr3iKnDGr9FRGrCkc0mH4VMMV3eBb5ZGdHgqL1Koz%2FI3zGAR%2BtDewrcQhkkHXK4%2FmSRy5icYE%2F27BW36r4QZshREfg%2B3vq7RNvs8DyFEO8aFceGJCvODWvzUQvs8GHq%2Bj7OvUNvyviyxEDWcT7FHPt33ppNDFvPy0UAulfy2BiMPAFYgGmuBexUEdLuJh13gFOuABI1CabywR9%2FbdhLCbIv3O0MRtIXzR6%2BT%2F3EwDc3L6tk7D8%2B9kx%2B1lGe4RmNd3LbYvIJGEC34AzRDcYC7pJSn%2Big3Ia%2BHlky1rJwYZNt1BZ8yERb%2F5vyUy967mlSa3mZfqZTLi6Dqc%2BdmQQWLD3iaW1JQsekSlvQ88hbbzZFjG8qxBW2xajFWhZ3SMHTcLlpircdRzUgq1JIslBmdxaTx7xO1%2BPPoWw%3D%3D&nvMid=42617438620&catId=50000246
아이폰 15 프로 맥스 512GB [ SKT ],"1,008,000원",https://cr.shopping.naver.com/adcr.nhn?x=Wlx2qHpFBPllxgDxmbSXcv%2F%2F%2Fw%3D%3Ds3k7bRPLtmuslZJRyUPwdfLD%2ByX3l8YDdzseAVDV6wdwTxFccNvW9DGninDJdIXMkAhx1vvMgOkVkpmnlu6lcQTUCFMK8EPYybNgEBAtTlV14JqhkXOIz3BM%2Fm96bNzj5zAb5f%2BR7w5qwQA8wMmQzZt9%2BKy%2Fm0d%2BgYWHtEf61Jo5CNclKwvLyA%2Fys%2F%2FHPPajLS6uZuLRT9QQlUkftaq%2Bta2NmcbgLr0lu2cCLGgyX7c9vsepmwRk8o%2FCB4DgHhnjVB5D7pZ4ybz%2B7ysBvTGwi5BzzON9aTM%2Fdo2I2z9yt2AkHs%2F2PHkpmvWjL2qy1nHubTZgWqLVHzpfx4wFyj7hPrjAA37ZhfiIhBMdEmuXW4uv1QQzCLreNp8sjPDBjStixsfmA0KmkbgluccyFrE52Pxc%2BFVl3dINuYfyjdcRbio1FiBdPxTSuvYOb67FAYBAGmZaMTDGc3QpXP6VEWkVQtrbuzmWacN92LOvitfD%2BwvVyW5FaJaNxdlIH2gXjedO7E7m7BPWBsWRSZJObt4gv%2FMC%2ByGDb9qTq9IvT2Zvj3hY81Gi44tUFH1uRUKbnASPQj%2FaM5nVf1rOXk0fVU4woW%2BfePGIXTN06S%2FgapED5LWhvU2Y6hEEwGxc1AZfON9sL4VRAH%2BsMDObarUodGweR8Q%3D%3D&nvMid=42618063618&catId=50000246
아이폰 15 플러스 128GB [ SKT ],"420,000원",https://cr.shopping.naver.com/adcr.nhn?x=%2BgKL%2B7suvvPRGB8AylqdlP%2F%2F%2Fw%3D%3DsFwwaNO%2FU91xW1t38Y5o5jHEVlNGP6KjhWgQBUZvjlBYTxFccNvW9DGninDJdIXMktq25g0D%2FjB4W1oF8gKU59DUCFMK8EPYybNgEBAtTlV14JqhkXOIz3BM%2Fm96bNzj5zAb5f%2BR7w5qwQA8wMmQzZt9%2BKy%2Fm0d%2BgYWHtEf61Jo5CNclKwvLyA%2Fys%2F%2FHPPajLVFUR6bEpDVT0cld08ez6u2NmcbgLr0lu2cCLGgyX7c9vsepmwRk8o%2FCB4DgHhnjVB5D7pZ4ybz%2B7ysBvTGwi5BzzON9aTM%2Fdo2I2z9yt2AkHs%2F2PHkpmvWjL2qy1nHubhqhuEhlMkyMkZvZ2Nug9aLY9knGBYxWJDPPmfqPGx531QQzCLreNp8sjPDBjStixEfMWf9G7Fd%2Bspr41msflRaj9P9fj%2FPOyOETh4nyV21ZFiBdPxTSuvYOb67FAYBAGmZaMTDGc3QpXP6VEWkVQtllcRLZ6Lkc%2F26GegWRYEB5ec%2Fmy2370SDybm5lvLB8USqHgEjvQwY7FTluJI5ewxvSfpqkMjhTBh5Ol6pqk8MNRN64mBm9G8QruBkLDcHT6rpmXKJrxKr7tdwnhb40ESmHx87G6DPEQ1NG65%2Fc0KGTHICEQpPL7Rm%2B2fyhjEhHR&nvMid=42616588625&catId=50000246
Apple 아이폰 15 플러스 256GB [ KT ],"115,300원",https://cr.shopping.naver.com/adcr.nhn?x=StWeAFs2xCA95dmzz42dj%2F%2F%2F%2Fw%3D%3DsN2pxp7l1U5iOa9Vmtj3MChQx%2BxnMdnxywEjUVyfepi6CKGgUbZcPwfOGUacqnAzptzjGH2aBtvKq91NCvy8I4Kg6JeHzRwYxRaALJWckWj6PdDdsN8IOUWhqgKWxEXWOs%2Bd3X9QXsxSOMMPWT48Xv4ZnlrSZr8PDPdBCvs8uWtdeJxHcKH4rYUhc5SxvGs%2FQGWegM%2B1VLCUuP4Qf0Rn94SJO7jbxAC%2FhHJnJbE9pD225SET%2FmTh%2Bwr3iKnDGr9FRGrCkc0mH4VMMV3eBb5ZGdHgqL1Koz%2FI3zGAR%2BtDewrcQhkkHXK4%2FmSRy5icYE%2F27BW36r4QZshREfg%2B3vq7RNlHv7rNTvhagJGPYV0%2F5n3DUQvs8GHq%2Bj7OvUNvyviyxlh2T%2BLnQiXePCSwig2%2BaJJRCN9gxdWy1aUGJxqJYHh8EdLuJh13gFOuABI1CabywR9%2FbdhLCbIv3O0MRtIXzR6%2BT%2F3EwDc3L6tk7D8%2B9kx9SAmiH%2FquvO5JRC5U3E5ulOc421c%2FxwnN4fmXhw0tfIGvxFNDGVZcWo4lZr0g1i9PC0hiHfmfzmAI0X1cC502KXAbBD8b5P3FtMPwyQNNUj31pCMKQlH%2FmHm8RSPNlsFJXc50eBITwugSNPH3Ok09sVpGw61BSdoQRvEGgfFlc5w%3D%3D&nvMid=42618750620&catId=50000247
아이폰 15 프로 256GB [ LG U+ ],"777,000원",https://cr.shopping.naver.com/adcr.nhn?x=koYtDLJsemXZS2CqKx%2FFv%2F%2F%2F%2Fw%3D%3Dsr4UiRqzVkI3bTGbTspW0IsdjFZEwEDDsYpI%2Bqu9M4EgTxFccNvW9DGninDJdIXMkt%2B6erR6dlH0McVZBbfElMTUCFMK8EPYybNgEBAtTlV14JqhkXOIz3BM%2Fm96bNzj5zAb5f%2BR7w5qwQA8wMmQzZt9%2BKy%2Fm0d%2BgYWHtEf61Jo5CNclKwvLyA%2Fys%2F%2FHPPajLmfxCDCAulHZFa5T2%2F6C1NGNmcbgLr0lu2cCLGgyX7c9vsepmwRk8o%2FCB4DgHhnjVB5D7pZ4ybz%2B7ysBvTGwi5BzzON9aTM%2Fdo2I2z9yt2AkHs%2F2PHkpmvWjL2qy1nHubl%2Bmov31VQR5UWRdU%2FmqACOnIumnP0mcDV%2BTZ%2FDGiVpT1QQzCLreNp8sjPDBjStixGatjCf7LXkZYMCEnsCGcAnSc5uZ6b0PzfOZGAu%2F7vENFiBdPxTSuvYOb67FAYBAGmZaMTDGc3QpXP6VEWkVQtqyGGwibaaUYeQE55KBPvnMt039uMLD5Br8EQHcuQT6%2F%2FjrUAAXtBHqoEXwrRLbP54xnZnf4Vb%2BQOO6cs304SZoBhNg6pO%2F%2Bw6bSRwW%2FduOkeoiZ4X9%2BFvTMh%2BnmXGuw8f7y2X7UjCo%2FXBYxuyCMu7bNjqh%2FZemCCOboDhnweAmG&nvMid=42619341618&catId=50000248
아이폰 15 프로 맥스 1TB [ SKT ],"1,459,900원",https://cr.shopping.naver.com/adcr.nhn?x=HJit5j6BrDlf6YUtYXXKWf%2F%2F%2Fw%3D%3Dsr%2B4Z7XJqAvudOGUG3S3OLB1MIQozapvPORzI7B%2BrtfDO%2FDWlTF6nNgNIx5PjVlWanxOiwONWt330SCO1YzqlJjl9l3XhazfbYYQMpaOsKriRDK9TqgQ5sJGxh1rh2ruoCD8k0N%2FQKStRtR5ub90NKcv%2BjB2erv%2BZ%2Brrs5VHOiTQgGE7%2BZatKjf5hEf1XctkKvA35wZJ4pu1lIGJS9%2BJx4pbkCnZt3PKDnGtnPfTpWXUcKlvnI%2BcrXh44xDZyoRd2%2B324cVb1L6DATfYrClK%2FEfziKuqi6lvlwe2gIVAf2UAlXTdy6Sn%2F2yromYu89VyUUdxDlhNhJKXjqn%2FfMMoU3xXOkEvvXKw5reAhBLVH8NJcNZN5FF46Jqg7fDWNj5Ca02v%2F77HlBGYiJmiWDaoy45KiftJNgHi9Ud2Ru6aQ8ulDk2nHMP4aHVCx%2FcONoE3uFXrcAP1z9jzUI2D9fR9XzwVpx%2F4xwmatt9W90c%2FeWaCr8VHgZn6L0LtcBsg3Df7Z4tcrWID6GH6pXshCRSbmhuFV5gwFJJNglWTK4CyS9E9RN64mBm9G8QruBkLDcHT6SRNVhsiT5TmkxM5%2BPn57B6W6mYN%2FOTa546%2FbN31X2vfHICEQpPL7Rm%2B2fyhjEhHR&nvMid=42617321621&catId=50000246
Apple 아이폰 15 프로 128GB [ KT ],"418,830원",https://cr.shopping.naver.com/adcr.nhn?x=Ez92%2Fd371W5PCC1V1OlyyP%2F%2F%2Fw%3D%3Dszj%2FFCQY%2BrXYi1oXN6Qk83%2Bn30Txkl6VmqMLTD4%2FLT6ITxFccNvW9DGninDJdIXMkW0G888tBv8YunbLWfXl2cDUCFMK8EPYybNgEBAtTlV14JqhkXOIz3BM%2Fm96bNzj5zAb5f%2BR7w5qwQA8wMmQzZt9%2BKy%2Fm0d%2BgYWHtEf61Jo5CNclKwvLyA%2Fys%2F%2FHPPajLo8SgRJShaIqPfdtSG8waaWNmcbgLr0lu2cCLGgyX7c9vsepmwRk8o%2FCB4DgHhnjVB5D7pZ4ybz%2B7ysBvTGwi5BzzON9aTM%2Fdo2I2z9yt2AkHs%2F2PHkpmvWjL2qy1nHub9zFZrnR8feYPNIeq3%2BkggeSFvWA%2F8LUN73Kjsq%2B%2BSpH1QQzCLreNp8sjPDBjStixN0Uw1yzUFMr6od8kgQE1jHzkgsvF4TDArjEmIGQhh7NFiBdPxTSuvYOb67FAYBAGmZaMTDGc3QpXP6VEWkVQtrl66iNZadrnd4VZPxZlNOmE4FQdvRmo7oxOSvwywmchSbJX4PDmA%2Bck9Vo3MQGc1%2FXYyCbKo1LyHxv3ThIBPvKIDf9TYDOC4LzgCehLsur5mWTCGAScY6u4HcenGvJMbsuyb84sRoXN7N%2BlIBn1q2GFbDf4gHI5rSMJU1BWcIOg&nvMid=42618766619&catId=50000247
Apple 아이폰 15 플러스 512GB [ KT ],"152,000원",https://cr.shopping.naver.com/adcr.nhn?x=SlnrCxJzB1c27wb9Yj8fFf%2F%2F%2Fw%3D%3DsXUCJzNBOKJHtD3jBridKjmgTFmJuxTOKfA%2B7gHIlfkYTxFccNvW9DGninDJdIXMkCsyuv26VsoJIBgVvnt%2BpMTUCFMK8EPYybNgEBAtTlV14JqhkXOIz3BM%2Fm96bNzj5zAb5f%2BR7w5qwQA8wMmQzZt9%2BKy%2Fm0d%2BgYWHtEf61Jo5CNclKwvLyA%2Fys%2F%2FHPPajLr9BpShK9IoEC5zh0ZiNzX2NmcbgLr0lu2cCLGgyX7c9vsepmwRk8o%2FCB4DgHhnjVB5D7pZ4ybz%2B7ysBvTGwi5BzzON9aTM%2Fdo2I2z9yt2AkHs%2F2PHkpmvWjL2qy1nHub5ALl83VUIZzl2ZfYeNfahd2uKlSdZlBVMPyNPJkbcTn1QQzCLreNp8sjPDBjStixN0Uw1yzUFMr6od8kgQE1jD1ynWdMVVmAGvpSR4ZrjXxFiBdPxTSuvYOb67FAYBAGmZaMTDGc3QpXP6VEWkVQtnHoz6ZOmvkwrwurAN8s0xyr8VHgZn6L0LtcBsg3Df7ZGkRg06pE5HxjGb0flJW8dBKjf1BYjLs4g6UdYLC%2FUgIBhNg6pO%2F%2Bw6bSRwW%2FduOkMJfeTI2mSkX%2B3n0fuFOrBIDAkyhc07VjA%2B6NujBtRX%2FNjqh%2FZemCCOboDhnweAmG&nvMid=42618750621&catId=50000247
아이폰 15 플러스 512GB [ SKT ],"478,280원",https://cr.shopping.naver.com/adcr.nhn?x=Nl0dczfG7iv5i0I7xQlmI%2F%2F%2F%2Fw%3D%3DsS7OkVkx%2FQkX7xMQLPkNckddmwq%2Fllhhgn%2Boo0OdxcR8TxFccNvW9DGninDJdIXMk0yGETpxYZ3Ki3v8iUhBgQjUCFMK8EPYybNgEBAtTlV14JqhkXOIz3BM%2Fm96bNzj5zAb5f%2BR7w5qwQA8wMmQzZt9%2BKy%2Fm0d%2BgYWHtEf61Jo5CNclKwvLyA%2Fys%2F%2FHPPajLte1hQLUL6CVnZQD7XEmtz2NmcbgLr0lu2cCLGgyX7c9vsepmwRk8o%2FCB4DgHhnjVB5D7pZ4ybz%2B7ysBvTGwi5BzzON9aTM%2Fdo2I2z9yt2AkHs%2F2PHkpmvWjL2qy1nHubqjWIV9JcA5kdr%2F1AscJuOwgXKwIlS%2BZfDPn5%2BTtJ78T1QQzCLreNp8sjPDBjStixNcQsROamHUIBYIoQ8t70xRC4AK7DskZ9w7O2ByrXinFFiBdPxTSuvYOb67FAYBAGmZaMTDGc3QpXP6VEWkVQtnHoz6ZOmvkwrwurAN8s0xxec%2Fmy2370SDybm5lvLB8USqHgEjvQwY7FTluJI5ewxoFGDFp%2BL8LF4bZjwKMsbIdRN64mBm9G8QruBkLDcHT6rsd1YMFPiQEwgfEyjUGFE%2FPMjNlV9Jby7roFqd1sFQ%2FHICEQpPL7Rm%2B2fyhjEhHR&nvMid=42615315624&catId=50000246
아이폰 15 플러스 128GB [ LG U+ ],"832,500원",https://cr.shopping.naver.com/adcr.nhn?x=K529vchhQAh26rABE3kOR%2F%2F%2F%2Fw%3D%3DsfGGZxF1Oo2Gmu59rc79wF1Vd8EoGtXzMKieweGgnCvoTxFccNvW9DGninDJdIXMkfUM2BtDDYWRsA63FrvIN3zUCFMK8EPYybNgEBAtTlV14JqhkXOIz3BM%2Fm96bNzj5zAb5f%2BR7w5qwQA8wMmQzZt9%2BKy%2Fm0d%2BgYWHtEf61Jo5CNclKwvLyA%2Fys%2F%2FHPPajLwGdKP95xuIs5xCPnrocBNWNmcbgLr0lu2cCLGgyX7c9vsepmwRk8o%2FCB4DgHhnjVB5D7pZ4ybz%2B7ysBvTGwi5BzzON9aTM%2Fdo2I2z9yt2AkHs%2F2PHkpmvWjL2qy1nHubIUWZa9bF6irvH7PgQbjD4IYrVDylU1rUMjJusj%2Fg1%2FD1QQzCLreNp8sjPDBjStixh6JfoyVdxPeF5w%2BmsYtKq2IN9X4SXsciwCPW%2B8ST5mxFiBdPxTSuvYOb67FAYBAGmZaMTDGc3QpXP6VEWkVQtllcRLZ6Lkc%2F26GegWRYEB6oPk4saBfKprK%2BJUJIKwZlBoIWH41PKQtO5Q1DNiuHfpoQSWBj96%2F1%2F983dG3kDCPC0hiHfmfzmAI0X1cC502Kqk198Af1AYkvPyUm3XGQ%2BA%2ForVvBuIIgxZFN2OhVZC9Xc50eBITwugSNPH3Ok09sVpGw61BSdoQRvEGgfFlc5w%3D%3D&nvMid=42618939618&catId=50000248
아이폰 15 프로 128GB [ SKT ],"999,500원",https://cr.shopping.naver.com/adcr.nhn?x=qZHHb%2FBH12BmsxaHMvtyZP%2F%2F%2Fw%3D%3DsfMTQc%2FKozBIvTvFgl2R6YMPE9zuRWYkTmK39Oa8gQzKCKGgUbZcPwfOGUacqnAzpsUz96P%2FLaQazIGSGfglfUzF7HqoF%2FGG0soy5d9cSuYCPdDdsN8IOUWhqgKWxEXWOs%2Bd3X9QXsxSOMMPWT48Xv4ZnlrSZr8PDPdBCvs8uWtdeJxHcKH4rYUhc5SxvGs%2FQ8nXKk%2FpTKcgAArtTfbzz%2ByJO7jbxAC%2FhHJnJbE9pD225SET%2FmTh%2Bwr3iKnDGr9FRGrCkc0mH4VMMV3eBb5ZGdHgqL1Koz%2FI3zGAR%2BtDewrcQhkkHXK4%2FmSRy5icYE%2F27BW36r4QZshREfg%2B3vq7RNpL%2F%2Bpu6vp8Az4TIBoj0GgrUQvs8GHq%2Bj7OvUNvyviyxEDWcT7FHPt33ppNDFvPy0bAnC6yyJ9NuFRWV79lK7MsEdLuJh13gFOuABI1CabywR9%2FbdhLCbIv3O0MRtIXzR%2FVr98YecZ8zf%2B%2FbvSm%2Fk8hec%2Fmy2370SDybm5lvLB8USqHgEjvQwY7FTluJI5ewxhieFjGnxReCSVaabqnXlJlRN64mBm9G8QruBkLDcHT6uDYJ9BX4gB80sLasV4TiPHVbkB7l0P8keXnq900vzvLHICEQpPL7Rm%2B2fyhjEhHR&nvMid=42617865618&catId=50000246
아이폰 15 512GB [ SKT ],"229,030원",https://cr.shopping.naver.com/adcr.nhn?x=HuPbpy2%2FyYhavh3bTSP%2BUP%2F%2F%2Fw%3D%3DslF8DUAhlquAU8V%2BCbxEhT9BErk6na2Il23MtrP0me72CKGgUbZcPwfOGUacqnAzpLU0TErASQofFSpxINP4vuNyh5bBvsfx9NCBJrk7TfEqPdDdsN8IOUWhqgKWxEXWOs%2Bd3X9QXsxSOMMPWT48Xv4ZnlrSZr8PDPdBCvs8uWtdeJxHcKH4rYUhc5SxvGs%2FQLI8xbiWLZO2x%2BKAi1Hhf%2ByJO7jbxAC%2FhHJnJbE9pD225SET%2FmTh%2Bwr3iKnDGr9FRGrCkc0mH4VMMV3eBb5ZGdHgqL1Koz%2FI3zGAR%2BtDewrcQhkkHXK4%2FmSRy5icYE%2F27BW36r4QZshREfg%2B3vq7RNuv%2FCWsvegdtEcpGzB4Bb%2BLUQvs8GHq%2Bj7OvUNvyviyxEDWcT7FHPt33ppNDFvPy0X1pZbNQqt5cRquF9IPAPAwEdLuJh13gFOuABI1CabywR9%2FbdhLCbIv3O0MRtIXzR%2FSaU0zQUCLV9UzCH%2Fhphea7A%2F0vSPti8cHY4o2fastwsMMQGcEulxpIVDa%2BCbuPZ5UiNf9mjfLetfXj0ZyaKTUSzxwVRNV%2FYRemZK5z1sCEaSkmJ%2FYQYb6Lc7cpjcJRbext8g1oES9iP0ZQpxUB6fQdHI8FZtQVGFZJxOyBDKc%2B&nvMid=42617607620&catId=50000246
Apple 아이폰 15 플러스 128GB [ KT ],"105,100원",https://cr.shopping.naver.com/adcr.nhn?x=%2BhppfMvTPOujWDSPM4lt4f%2F%2F%2Fw%3D%3Ds9CUN3khikjv%2Bz4qSunYO0CQMf5S7bJmn1S0ztzqsdZLO%2FDWlTF6nNgNIx5PjVlWa4xdtTbfxFFI02O%2Br61Y5HTl9l3XhazfbYYQMpaOsKriRDK9TqgQ5sJGxh1rh2ruoCD8k0N%2FQKStRtR5ub90NKcv%2BjB2erv%2BZ%2Brrs5VHOiTQgGE7%2BZatKjf5hEf1XctkKMNh6w51AUMOdJpgDIBSMyJbkCnZt3PKDnGtnPfTpWXUcKlvnI%2BcrXh44xDZyoRd2%2B324cVb1L6DATfYrClK%2FEfziKuqi6lvlwe2gIVAf2UAlXTdy6Sn%2F2yromYu89VyUVkTJq7d3UlT6aAysq2sukYKsJN765vwVCnUL3v0NzzxcNZN5FF46Jqg7fDWNj5Ca4UkVKxZ08A59up%2Fp6LUPxt%2FxAgg4ef62WIJT1K%2BzOB5Dk2nHMP4aHVCx%2FcONoE3umK1Tq7Zq1oJaJ3bJ6kJwiXY3QCmAZHiahibKNzn0hQOE4FQdvRmo7oxOSvwywmchSbJX4PDmA%2Bck9Vo3MQGc14ouAXwXqg3Na2IU0vY7MbKIDf9TYDOC4LzgCehLsur5P5I9HUBsxIMExKGpznr0se2Rxb9ql8eYjhFjXapqnKCFbDf4gHI5rSMJU1BWcIOg&nvMid=42618766618&catId=50000247
Apple 아이폰 15 프로 맥스 1TB [ KT ],"1,291,000원",https://cr.shopping.naver.com/adcr.nhn?x=%2F6pbltfULmt03DZpznxnbf%2F%2F%2Fw%3D%3Ds10TPykKObe3o9Hb1AnH1bb6KizA2S62Q%2BISjAFdbnR4TxFccNvW9DGninDJdIXMkloPH6gAjwN12028NNT4BlzUCFMK8EPYybNgEBAtTlV14JqhkXOIz3BM%2Fm96bNzj5zAb5f%2BR7w5qwQA8wMmQzZt9%2BKy%2Fm0d%2BgYWHtEf61Jo5CNclKwvLyA%2Fys%2F%2FHPPajLJ%2FxQ9UOaIVcwuk2bkgF3MWNmcbgLr0lu2cCLGgyX7c9vsepmwRk8o%2FCB4DgHhnjVB5D7pZ4ybz%2B7ysBvTGwi5BzzON9aTM%2Fdo2I2z9yt2AkHs%2F2PHkpmvWjL2qy1nHubukouf8uJYnFJTfHqgWdAqFzNj6i2%2Fu8%2BfwlO9hsRzQr1QQzCLreNp8sjPDBjStixN0Uw1yzUFMr6od8kgQE1jBIDTsQwFjEF9JZP5S2stSJFiBdPxTSuvYOb67FAYBAGmZaMTDGc3QpXP6VEWkVQtk%2Fd8fyX9mvA9gmQbAmJrnU%2FVHd39ehT7NBCXxzZ5bCuU4ZQMxA7FcqJMZTQSo%2Fnju2YBq8nGq%2Bfz9WzFwpS%2BlfC0hiHfmfzmAI0X1cC502KesVK8tl38TB99neP4w5cif4V0CkM3ki5lMg3yO3tVDFXc50eBITwugSNPH3Ok09sVpGw61BSdoQRvEGgfFlc5w%3D%3D&nvMid=42618916618&catId=50000247
아이폰 15 프로 1TB [ SKT ],"1,199,970원",https://cr.shopping.naver.com/adcr.nhn?x=X0I5vHOn0enOupiN05AUnP%2F%2F%2Fw%3D%3DsKY2Y4P%2BO7QrPKMZA8glqpTG2UEzKc7%2BMst9oJwu6yhPO%2FDWlTF6nNgNIx5PjVlWaJpvKKhG4j8CMslMc%2BLSEZDl9l3XhazfbYYQMpaOsKriRDK9TqgQ5sJGxh1rh2ruoCD8k0N%2FQKStRtR5ub90NKcv%2BjB2erv%2BZ%2Brrs5VHOiTQgGE7%2BZatKjf5hEf1XctkKwgFCuCeeA%2FdlFEP5w1HQc5bkCnZt3PKDnGtnPfTpWXUcKlvnI%2BcrXh44xDZyoRd2%2B324cVb1L6DATfYrClK%2FEfziKuqi6lvlwe2gIVAf2UAlXTdy6Sn%2F2yromYu89VyUixzb5VzHKAmmnqhFjDrXXW8CX%2BEdZmos8Wu2jQqEAY1cNZN5FF46Jqg7fDWNj5CasJ0tElUXbtB7WWK%2BIexC39%2FxAgg4ef62WIJT1K%2BzOB5Dk2nHMP4aHVCx%2FcONoE3uFXrcAP1z9jzUI2D9fR9XzyjZO1iYd9DrkI7RYDAt48lcZ8pgTGru4bgUYhRhw82x0krzt%2BV1%2F9rri6qGKeHrTGPy9HYeOgtZYJmyfuIgWYYSzxwVRNV%2FYRemZK5z1sCEh%2BPkN8OnddmjbDppheWlSw8M6XtQu3eVs2RJ%2BU0vz9YdHI8FZtQVGFZJxOyBDKc%2B&nvMid=42617904618&catId=50000246
Apple 아이폰 15 프로 512GB [ KT ],"728,800원",https://cr.shopping.naver.com/adcr.nhn?x=o3wwHdLU6ko1Am88IZLIEv%2F%2F%2Fw%3D%3DsEkrjgArqsLOLtL7tSrWhhQRQLRyztyahn971rH6OWxqCKGgUbZcPwfOGUacqnAzpOu2kj%2BaPlnZ3Mmy5oFYTltyh5bBvsfx9NCBJrk7TfEqPdDdsN8IOUWhqgKWxEXWOs%2Bd3X9QXsxSOMMPWT48Xv4ZnlrSZr8PDPdBCvs8uWtdeJxHcKH4rYUhc5SxvGs%2FQHaFuLz5dxo6fpIRdYivDdCJO7jbxAC%2FhHJnJbE9pD225SET%2FmTh%2Bwr3iKnDGr9FRGrCkc0mH4VMMV3eBb5ZGdHgqL1Koz%2FI3zGAR%2BtDewrcQhkkHXK4%2FmSRy5icYE%2F27BW36r4QZshREfg%2B3vq7RNmW%2FK2T6bUTwObP6g29ZmzzUQvs8GHq%2Bj7OvUNvyviyxlh2T%2BLnQiXePCSwig2%2BaJKJk7lkwv76ye4INW113JIIEdLuJh13gFOuABI1CabywR9%2FbdhLCbIv3O0MRtIXzR8CluAOf7afb1K0sOHAMxO2r8VHgZn6L0LtcBsg3Df7ZGkRg06pE5HxjGb0flJW8dM9aTNbOvgBUFMGs75lMAhcBhNg6pO%2F%2Bw6bSRwW%2FduOk%2F8BzwSV5EFyV7g0FkZRPBttZQ0FGE5VQLbZ%2FIM%2BFSIbNjqh%2FZemCCOboDhnweAmG&nvMid=42618914618&catId=50000247
아이폰 15 128GB [ LG U+ ],"344,000원",https://cr.shopping.naver.com/adcr.nhn?x=54gFc5byHsFizlsXqfI65f%2F%2F%2Fw%3D%3DshJxtNV6wv%2FPYqmxs%2BEYK9BoGUI%2FtiHC86ei%2BnQmPktWCKGgUbZcPwfOGUacqnAzpqjPzKdgPrxVX%2FinfbawIQKg6JeHzRwYxRaALJWckWj6PdDdsN8IOUWhqgKWxEXWOs%2Bd3X9QXsxSOMMPWT48Xv4ZnlrSZr8PDPdBCvs8uWtdeJxHcKH4rYUhc5SxvGs%2FQzuqMsK77Jq7uaxXbpCb1RCJO7jbxAC%2FhHJnJbE9pD225SET%2FmTh%2Bwr3iKnDGr9FRGrCkc0mH4VMMV3eBb5ZGdHgqL1Koz%2FI3zGAR%2BtDewrcQhkkHXK4%2FmSRy5icYE%2F27BW36r4QZshREfg%2B3vq7RNiJK5T0eha8iOJ4EDW5XdCjUQvs8GHq%2Bj7OvUNvyviyxvlWvVtXXkB5M8Y6im%2BPIheey8l5Msi6C%2BV49g3NrqRwEdLuJh13gFOuABI1CabywR9%2FbdhLCbIv3O0MRtIXzR%2Bm6gorbRQGQjNxCjB2lXPKjriJ8H0NV5nx9%2BVr0aUV2Eu0mPEzli24tkAjtP4SPk3SLRzJCjiHZykdNX%2BrcRiZicchwRNwmJ84TyxvjggzFFJhdOumSxdSIJ7hh37q9mr2eiVKrexLyB6TOlKUYy9IOEsHC78VBLnFZh%2FnDobeN&nvMid=42618916619&catId=50000248
